Local_Visitante,RvE_prom
Local,182.74630270631346
Visitante,191.4994254282071
