Local_Visitante,RvE_prom
Local,175.10621920810928
Visitante,186.25387863899465
